temperature,humidity,ph,rainfall
20.87974371,82.00274423,6,202.9355362
